sample_size,repetition,scenario,expected_increment,nuisance_model,residual_p,delta_mse,refit_delta_mse_ci_low,joint_supported,predictive_supported
100,0,null_metric,False,polynomial_ridge,0.97,-0.004695671419205065,-0.0050886708492676735,False,False
100,0,null_metric,False,polynomial_ridge_interactions,0.98,7.436649203201862e-05,-0.0012919918197928787,False,False
100,0,nonlinear_proxy,False,polynomial_ridge,0.39,-0.001712406970803871,-0.001345266104557997,False,False
100,0,nonlinear_proxy,False,polynomial_ridge_interactions,0.31,-3.244289058824956e-07,-0.0006272238386585252,False,False
100,0,heteroskedastic_null,False,polynomial_ridge,0.91,-0.0026592086255254627,-0.0031340151480465867,False,False
100,0,heteroskedastic_null,False,polynomial_ridge_interactions,0.52,-0.0003270073544167692,-0.0009324910563863701,False,False
100,0,clustered_null,False,polynomial_ridge,0.08,-0.0027810181063814693,-0.02027049239089605,False,False
100,0,clustered_null,False,polynomial_ridge_interactions,0.04,-0.001647919730158513,-0.0602919363750748,False,False
100,0,genuine_increment,True,polynomial_ridge,0.01,0.03705448219751538,0.02269308573787034,True,True
100,0,genuine_increment,True,polynomial_ridge_interactions,0.01,0.03623587492585861,0.022958637923833757,True,True
100,1,null_metric,False,polynomial_ridge,0.27,-0.0020758602746659624,-0.004348557326925517,False,False
100,1,null_metric,False,polynomial_ridge_interactions,0.37,-0.00025601616241257424,-0.0018045608335365557,False,False
100,1,nonlinear_proxy,False,polynomial_ridge,0.78,0.001371602816098813,-0.00025097408094706725,False,False
100,1,nonlinear_proxy,False,polynomial_ridge_interactions,0.57,0.00015011817146791395,-0.0013328067507255386,False,False
100,1,heteroskedastic_null,False,polynomial_ridge,0.08,-0.0008398244711391896,-0.0019461162642015878,False,False
100,1,heteroskedastic_null,False,polynomial_ridge_interactions,0.15,-3.0365806407806062e-05,-0.00035468411988660045,False,False
100,1,clustered_null,False,polynomial_ridge,0.63,-0.012480023236093447,-0.05003553077667943,False,False
100,1,clustered_null,False,polynomial_ridge_interactions,0.89,-0.005503179632110881,-0.0701753553291548,False,False
100,1,genuine_increment,True,polynomial_ridge,0.01,0.06379275437674814,0.04898768059432532,True,True
100,1,genuine_increment,True,polynomial_ridge_interactions,0.01,0.05871423859884787,0.048995678934466165,True,True
100,2,null_metric,False,polynomial_ridge,0.16,-0.00416034189029775,-0.0055164002824492075,False,False
100,2,null_metric,False,polynomial_ridge_interactions,0.19,-0.0009464966732871567,-0.0014436214532635898,False,False
100,2,nonlinear_proxy,False,polynomial_ridge,0.34,-0.000336384671893215,-0.0019158507284121168,False,False
100,2,nonlinear_proxy,False,polynomial_ridge_interactions,0.57,-0.0013157962378043259,-0.0013997940382056953,False,False
100,2,heteroskedastic_null,False,polynomial_ridge,0.09,-0.0006974119892487838,-0.003619457213549976,False,False
100,2,heteroskedastic_null,False,polynomial_ridge_interactions,0.17,0.0003012052801864423,-0.0007276219137692134,False,False
100,2,clustered_null,False,polynomial_ridge,0.27,-0.0033569651751111894,-0.0808503453280573,False,False
100,2,clustered_null,False,polynomial_ridge_interactions,0.76,-0.0008050509097517755,-0.05023895806106541,False,False
100,2,genuine_increment,True,polynomial_ridge,0.01,0.03278075377781407,0.021986339480073367,True,True
100,2,genuine_increment,True,polynomial_ridge_interactions,0.01,0.02852024305200558,0.02062927091778547,True,True
100,3,null_metric,False,polynomial_ridge,0.18,-0.0005871079899184527,-0.0028729766384280823,False,False
100,3,null_metric,False,polynomial_ridge_interactions,0.07,0.0005820181700737156,-0.0008447440249525325,False,False
100,3,nonlinear_proxy,False,polynomial_ridge,0.14,-0.0013172569640822925,-0.0021631625412243307,False,False
100,3,nonlinear_proxy,False,polynomial_ridge_interactions,0.66,-0.0005402587737702242,-0.0007397040307758439,False,False
100,3,heteroskedastic_null,False,polynomial_ridge,0.26,-0.0010766782276686229,-0.002714446992731675,False,False
100,3,heteroskedastic_null,False,polynomial_ridge_interactions,0.16,-0.00034570073365096984,-0.0007429125049574901,False,False
100,3,clustered_null,False,polynomial_ridge,0.66,-0.0056884725485039055,-0.041361008098080694,False,False
100,3,clustered_null,False,polynomial_ridge_interactions,0.17,-0.0009776168219405475,-0.1682414999100973,False,False
100,3,genuine_increment,True,polynomial_ridge,0.01,0.03034845290871172,0.023356785570283606,True,True
100,3,genuine_increment,True,polynomial_ridge_interactions,0.01,0.032926970535503176,0.02238240745989317,True,True
100,4,null_metric,False,polynomial_ridge,0.66,-0.0028675804173202216,-0.01016081565671484,False,False
100,4,null_metric,False,polynomial_ridge_interactions,0.41,-0.0017583697691421207,-0.0030412678229704247,False,False
100,4,nonlinear_proxy,False,polynomial_ridge,0.24,-0.000813731862572822,-0.0021892364317887395,False,False
100,4,nonlinear_proxy,False,polynomial_ridge_interactions,0.27,8.810869106005287e-05,-0.0007568778835459336,False,False
100,4,heteroskedastic_null,False,polynomial_ridge,0.17,-0.0013812882526621703,-0.001969450273697985,False,False
100,4,heteroskedastic_null,False,polynomial_ridge_interactions,0.41,-0.0006335087949724573,-0.0006886849272463907,False,False
100,4,clustered_null,False,polynomial_ridge,0.41,0.0009470137702583623,-0.02114481145583705,False,False
100,4,clustered_null,False,polynomial_ridge_interactions,0.42,0.0008112540024593998,-0.008640572827608278,False,False
100,4,genuine_increment,True,polynomial_ridge,0.01,0.051080620641135985,0.03738008735140383,True,True
100,4,genuine_increment,True,polynomial_ridge_interactions,0.01,0.048754451255902866,0.03537481904579024,True,True
100,5,null_metric,False,polynomial_ridge,0.42,-0.0014671508720234053,-0.003387843555678926,False,False
100,5,null_metric,False,polynomial_ridge_interactions,0.72,-0.0005282564746195671,-0.0012545797029284305,False,False
100,5,nonlinear_proxy,False,polynomial_ridge,0.15,-0.0005526055416705516,-0.0014265092987944187,False,False
100,5,nonlinear_proxy,False,polynomial_ridge_interactions,0.07,-0.00027974830015569784,-0.0006800307676083018,False,False
100,5,heteroskedastic_null,False,polynomial_ridge,0.41,-0.00023603093075851705,-0.0008660774020855427,False,False
100,5,heteroskedastic_null,False,polynomial_ridge_interactions,0.22,0.0002356085626326835,-0.0011213304344420783,False,False
100,5,clustered_null,False,polynomial_ridge,0.26,-0.021804301300778144,-0.032386403585059925,False,False
100,5,clustered_null,False,polynomial_ridge_interactions,0.43,0.006843422708804493,-0.054814215090028845,False,False
100,5,genuine_increment,True,polynomial_ridge,0.01,0.04410629611135251,0.028193004164303957,True,True
100,5,genuine_increment,True,polynomial_ridge_interactions,0.01,0.049121818842942706,0.03419236532916234,True,True
100,6,null_metric,False,polynomial_ridge,0.09,-0.0015003108644535586,-0.0033342047847963224,False,False
100,6,null_metric,False,polynomial_ridge_interactions,0.02,-0.0004766137184717134,-0.0015407029373631748,False,False
100,6,nonlinear_proxy,False,polynomial_ridge,0.48,-6.249425247666258e-05,-0.0007452370647754185,False,False
100,6,nonlinear_proxy,False,polynomial_ridge_interactions,0.39,-0.0007505301954178981,-0.0008109961844435923,False,False
100,6,heteroskedastic_null,False,polynomial_ridge,0.14,-0.0005589036169844196,-0.0031412266515066655,False,False
100,6,heteroskedastic_null,False,polynomial_ridge_interactions,0.17,-0.0008161753311989994,-0.0009430220469309199,False,False
100,6,clustered_null,False,polynomial_ridge,0.57,-0.009779140318736366,-0.03689576136594919,False,False
100,6,clustered_null,False,polynomial_ridge_interactions,0.39,0.0015044341104919132,-0.06934525438971899,False,False
100,6,genuine_increment,True,polynomial_ridge,0.01,0.035474566772698675,0.0206871809766954,True,True
100,6,genuine_increment,True,polynomial_ridge_interactions,0.01,0.0326275853273405,0.014775269572706607,True,True
100,7,null_metric,False,polynomial_ridge,0.98,-0.0006055894580722122,-0.002660136144914517,False,False
100,7,null_metric,False,polynomial_ridge_interactions,0.43,-0.0005753924841427824,-0.001581206501363334,False,False
100,7,nonlinear_proxy,False,polynomial_ridge,0.04,0.0011791366912283089,-5.3231102261028685e-05,False,False
100,7,nonlinear_proxy,False,polynomial_ridge_interactions,0.14,0.0014185285082890988,0.0002092523122895628,False,True
100,7,heteroskedastic_null,False,polynomial_ridge,0.66,-0.0002081237119815546,-0.0017540045428098027,False,False
100,7,heteroskedastic_null,False,polynomial_ridge_interactions,0.83,-9.545704939347734e-05,-0.0010015454092378495,False,False
100,7,clustered_null,False,polynomial_ridge,0.63,-0.01903933880510588,-0.034110415064346124,False,False
100,7,clustered_null,False,polynomial_ridge_interactions,0.23,-0.005764934392603865,-0.012072457287562687,False,False
100,7,genuine_increment,True,polynomial_ridge,0.01,0.03900642056926763,0.024608754996082314,True,True
100,7,genuine_increment,True,polynomial_ridge_interactions,0.01,0.03948698805073254,0.025787069551955012,True,True
100,8,null_metric,False,polynomial_ridge,0.82,-0.0028650077799821858,-0.0024152714683844936,False,False
100,8,null_metric,False,polynomial_ridge_interactions,0.75,-0.00015796845656964806,-0.0010220753444489868,False,False
100,8,nonlinear_proxy,False,polynomial_ridge,0.57,-0.00021046780282266662,-0.0010289430762018721,False,False
100,8,nonlinear_proxy,False,polynomial_ridge_interactions,0.08,-0.00011649628042399805,-0.00028203515801688515,False,False
100,8,heteroskedastic_null,False,polynomial_ridge,0.75,0.00015592338692512787,-0.0011750661908875963,False,False
100,8,heteroskedastic_null,False,polynomial_ridge_interactions,0.75,-0.0007545691035259327,-0.0010111622033246032,False,False
100,8,clustered_null,False,polynomial_ridge,0.16,0.001494551066374479,-0.05058006196053636,False,False
100,8,clustered_null,False,polynomial_ridge_interactions,0.15,0.0028492691428409697,-0.014367198601365419,False,False
100,8,genuine_increment,True,polynomial_ridge,0.01,0.04517812610042023,0.03420438753747208,True,True
100,8,genuine_increment,True,polynomial_ridge_interactions,0.01,0.04647476356576271,0.034050313356380056,True,True
100,9,null_metric,False,polynomial_ridge,0.5,-0.0006087901236420147,-0.002616969455236711,False,False
100,9,null_metric,False,polynomial_ridge_interactions,0.51,0.0004367644247037436,-0.0010639693020771826,False,False
100,9,nonlinear_proxy,False,polynomial_ridge,0.03,-0.0009595092321257621,-0.001917736750256434,False,False
100,9,nonlinear_proxy,False,polynomial_ridge_interactions,0.19,9.06789563783093e-05,-0.000571745937450513,False,False
100,9,heteroskedastic_null,False,polynomial_ridge,0.57,-0.0005171587171194135,-0.0009748575536182045,False,False
100,9,heteroskedastic_null,False,polynomial_ridge_interactions,0.32,-0.00015615882545765708,-0.0008548816578297275,False,False
100,9,clustered_null,False,polynomial_ridge,0.02,-0.07528672668607192,-0.03782296744884358,False,False
100,9,clustered_null,False,polynomial_ridge_interactions,0.57,-0.017484131611851486,-0.08757280724556797,False,False
100,9,genuine_increment,True,polynomial_ridge,0.01,0.050185618675326026,0.03639823336200383,True,True
100,9,genuine_increment,True,polynomial_ridge_interactions,0.01,0.04868599356416031,0.03304649504315189,True,True
100,10,null_metric,False,polynomial_ridge,0.08,-0.003183239160602553,-0.006692252104361603,False,False
100,10,null_metric,False,polynomial_ridge_interactions,0.04,-0.0010445119555018527,-0.0018384167521162443,False,False
100,10,nonlinear_proxy,False,polynomial_ridge,0.09,0.0007715559349855544,-0.0006273847089892194,False,False
100,10,nonlinear_proxy,False,polynomial_ridge_interactions,0.08,0.00044692268421046843,-0.00013483102108903026,False,False
100,10,heteroskedastic_null,False,polynomial_ridge,0.29,-0.001624884387889762,-0.0028468567871063003,False,False
100,10,heteroskedastic_null,False,polynomial_ridge_interactions,0.39,-0.0005896843632716975,-0.001190965495011438,False,False
100,10,clustered_null,False,polynomial_ridge,0.13,-0.007103853451579836,-0.019895882274598486,False,False
100,10,clustered_null,False,polynomial_ridge_interactions,0.05,0.0010136561106214824,-0.010501207198122305,False,False
100,10,genuine_increment,True,polynomial_ridge,0.01,0.04598131854017458,0.023427517393268295,True,True
100,10,genuine_increment,True,polynomial_ridge_interactions,0.01,0.043836816632411076,0.03175653114583662,True,True
100,11,null_metric,False,polynomial_ridge,0.23,-0.0030239400602875034,-0.005201059137502672,False,False
100,11,null_metric,False,polynomial_ridge_interactions,0.19,-0.0005784620313955754,-0.0011469766482558044,False,False
100,11,nonlinear_proxy,False,polynomial_ridge,0.55,-0.0003379842623689004,-0.0006433271128822276,False,False
100,11,nonlinear_proxy,False,polynomial_ridge_interactions,0.81,-0.00022410919410120744,-0.0004072091355550044,False,False
100,11,heteroskedastic_null,False,polynomial_ridge,0.82,-0.0005339528815742622,-0.001827151447032266,False,False
100,11,heteroskedastic_null,False,polynomial_ridge_interactions,0.83,-0.00016144622533979976,-0.0007305307531793457,False,False
100,11,clustered_null,False,polynomial_ridge,0.77,-0.019208511281841208,-0.10807448142289376,False,False
100,11,clustered_null,False,polynomial_ridge_interactions,0.71,-0.004142464173705736,-0.018254285607990178,False,False
100,11,genuine_increment,True,polynomial_ridge,0.01,0.036361231239296715,0.027740794513934595,True,True
100,11,genuine_increment,True,polynomial_ridge_interactions,0.01,0.03480217769038304,0.02943880810556305,True,True
100,12,null_metric,False,polynomial_ridge,0.48,-0.001036110006529433,-0.0033015564606739298,False,False
100,12,null_metric,False,polynomial_ridge_interactions,0.56,-0.0020718597816168464,-0.0024083918951332836,False,False
100,12,nonlinear_proxy,False,polynomial_ridge,0.86,-0.0020061371941407155,-0.003916828524795303,False,False
100,12,nonlinear_proxy,False,polynomial_ridge_interactions,0.39,2.1758393620298008e-05,-0.0008184455264773526,False,False
100,12,heteroskedastic_null,False,polynomial_ridge,0.96,-0.0009893591023871773,-0.001453043964338052,False,False
100,12,heteroskedastic_null,False,polynomial_ridge_interactions,0.73,-0.0005131163962411155,-0.0015653041706484984,False,False
100,12,clustered_null,False,polynomial_ridge,0.16,0.006187123338770259,-0.032057952316731114,False,False
100,12,clustered_null,False,polynomial_ridge_interactions,0.05,0.0072431171723914035,-0.06979750629885685,False,False
100,12,genuine_increment,True,polynomial_ridge,0.01,0.05363776069926335,0.032636033640381645,True,True
100,12,genuine_increment,True,polynomial_ridge_interactions,0.01,0.048604425143508,0.03223764444455735,True,True
100,13,null_metric,False,polynomial_ridge,0.12,-0.0026296876889262757,-0.005967532121084214,False,False
100,13,null_metric,False,polynomial_ridge_interactions,0.01,-0.00015311052612903067,-0.0022401444217310432,False,False
100,13,nonlinear_proxy,False,polynomial_ridge,0.65,-3.534486737412704e-05,-0.0007559772915798979,False,False
100,13,nonlinear_proxy,False,polynomial_ridge_interactions,0.37,0.0002933235094361667,-0.0011973933161611668,False,False
100,13,heteroskedastic_null,False,polynomial_ridge,0.19,-0.0002679506882343821,-0.0023194642958163435,False,False
100,13,heteroskedastic_null,False,polynomial_ridge_interactions,0.72,-0.00023010595115346803,-0.0006100410155333872,False,False
100,13,clustered_null,False,polynomial_ridge,0.14,0.0007398782478081206,-0.05599463841471074,False,False
100,13,clustered_null,False,polynomial_ridge_interactions,0.06,0.0005721723847867191,-0.09574418016056638,False,False
100,13,genuine_increment,True,polynomial_ridge,0.01,0.047218249306774956,0.03365631542321561,True,True
100,13,genuine_increment,True,polynomial_ridge_interactions,0.02,0.044018934049380204,0.03179871823161124,True,True
100,14,null_metric,False,polynomial_ridge,0.92,-0.003933003241587768,-0.005821176372123702,False,False
100,14,null_metric,False,polynomial_ridge_interactions,0.95,-0.0003259412585688848,-0.0016569875544830141,False,False
100,14,nonlinear_proxy,False,polynomial_ridge,0.06,-0.0005443837115179824,-0.0018992356140687873,False,False
100,14,nonlinear_proxy,False,polynomial_ridge_interactions,0.02,-0.0004743980933361678,-0.0013061522743126708,False,False
100,14,heteroskedastic_null,False,polynomial_ridge,0.46,-0.0012050662039356057,-0.0022526878208017575,False,False
100,14,heteroskedastic_null,False,polynomial_ridge_interactions,0.88,-0.0007023972631547432,-0.0012843136720494972,False,False
100,14,clustered_null,False,polynomial_ridge,0.04,-0.0006599015789624206,-0.016600440566024416,False,False
100,14,clustered_null,False,polynomial_ridge_interactions,0.03,0.00584496801028871,-0.2327759406140184,False,False
100,14,genuine_increment,True,polynomial_ridge,0.01,0.04402575847856862,0.034020502595467086,True,True
100,14,genuine_increment,True,polynomial_ridge_interactions,0.01,0.04621093311489031,0.030668744636451944,True,True
100,15,null_metric,False,polynomial_ridge,0.73,-0.0006947899248338253,-0.002945343086985966,False,False
100,15,null_metric,False,polynomial_ridge_interactions,0.3,0.0002964257084936972,-0.0010277274750049956,False,False
100,15,nonlinear_proxy,False,polynomial_ridge,0.83,-0.0008621735956947773,-0.0008115669137674967,False,False
100,15,nonlinear_proxy,False,polynomial_ridge_interactions,0.91,0.0003488417190706094,-0.0005702495519590463,False,False
100,15,heteroskedastic_null,False,polynomial_ridge,0.24,0.00027828627052215154,-0.0004513101331462982,False,False
100,15,heteroskedastic_null,False,polynomial_ridge_interactions,0.11,6.182558148727126e-05,-0.00044510951060396716,False,False
100,15,clustered_null,False,polynomial_ridge,0.34,-0.006954042509174425,-0.05267775564622217,False,False
100,15,clustered_null,False,polynomial_ridge_interactions,0.85,-0.00992251622632162,-0.08801645707966478,False,False
100,15,genuine_increment,True,polynomial_ridge,0.01,0.035007331569514966,0.01894507255130423,True,True
100,15,genuine_increment,True,polynomial_ridge_interactions,0.01,0.03261720845471938,0.023874604471148746,True,True
100,16,null_metric,False,polynomial_ridge,0.23,-0.002083695020180177,-0.003622941394616068,False,False
100,16,null_metric,False,polynomial_ridge_interactions,0.5,-0.00025370601699246584,-0.001418865803173567,False,False
100,16,nonlinear_proxy,False,polynomial_ridge,0.66,-0.0015983183901413659,-0.0025720674632760646,False,False
100,16,nonlinear_proxy,False,polynomial_ridge_interactions,0.35,-0.00019091651047965525,-0.0005296822382388995,False,False
100,16,heteroskedastic_null,False,polynomial_ridge,0.99,-0.00033916857736818184,-0.0018954792337905987,False,False
100,16,heteroskedastic_null,False,polynomial_ridge_interactions,0.62,0.0002622390501955084,-0.0005743158972842094,False,False
100,16,clustered_null,False,polynomial_ridge,0.01,0.0033341992389649723,-0.008048477820215479,False,False
100,16,clustered_null,False,polynomial_ridge_interactions,0.01,0.004520279143670961,-0.006056355090690194,False,False
100,16,genuine_increment,True,polynomial_ridge,0.01,0.057225486063242986,0.04758335843584959,True,True
100,16,genuine_increment,True,polynomial_ridge_interactions,0.01,0.06417480797229082,0.046476066162154016,True,True
100,17,null_metric,False,polynomial_ridge,0.29,-0.0019347056259844085,-0.00538800513230742,False,False
100,17,null_metric,False,polynomial_ridge_interactions,0.35,-0.0008128364946776712,-0.002882207201948755,False,False
100,17,nonlinear_proxy,False,polynomial_ridge,0.37,-0.00033516426621058547,-0.0008811538458880805,False,False
100,17,nonlinear_proxy,False,polynomial_ridge_interactions,0.26,4.488529329309092e-05,-0.0005222856759717621,False,False
100,17,heteroskedastic_null,False,polynomial_ridge,0.6,-0.0007302297897648288,-0.0035943676088658837,False,False
100,17,heteroskedastic_null,False,polynomial_ridge_interactions,0.26,-0.00035843771449579204,-0.0016412731541849664,False,False
100,17,clustered_null,False,polynomial_ridge,0.2,-0.007090552368484673,-0.061704272528256374,False,False
100,17,clustered_null,False,polynomial_ridge_interactions,0.04,-0.008348673025180515,-0.08645680400589076,False,False
100,17,genuine_increment,True,polynomial_ridge,0.01,0.029650453050623974,0.02073498686878836,True,True
100,17,genuine_increment,True,polynomial_ridge_interactions,0.01,0.033080203097866454,0.024006215816637352,True,True
100,18,null_metric,False,polynomial_ridge,0.7,-0.00368947619343178,-0.004005588403188549,False,False
100,18,null_metric,False,polynomial_ridge_interactions,0.79,-0.0007328352218886423,-0.0011128452153363554,False,False
100,18,nonlinear_proxy,False,polynomial_ridge,0.43,-0.0015073235135572285,-0.0020804124866382616,False,False
100,18,nonlinear_proxy,False,polynomial_ridge_interactions,0.8,5.3723148356534835e-05,-0.0009343651305607102,False,False
100,18,heteroskedastic_null,False,polynomial_ridge,0.46,-0.001261750985799899,-0.0017733074607542859,False,False
100,18,heteroskedastic_null,False,polynomial_ridge_interactions,0.14,-7.985288977290644e-05,-0.0007906109788738652,False,False
100,18,clustered_null,False,polynomial_ridge,0.77,-0.010584772586450578,-0.04733756746105884,False,False
100,18,clustered_null,False,polynomial_ridge_interactions,0.17,-0.023604445337652748,-0.020541266698140336,False,False
100,18,genuine_increment,True,polynomial_ridge,0.01,0.047407940125336244,0.0305809238873017,True,True
100,18,genuine_increment,True,polynomial_ridge_interactions,0.01,0.044284138278347346,0.02824795818286361,True,True
100,19,null_metric,False,polynomial_ridge,0.34,-0.0015665978952511261,-0.0036114537585127,False,False
100,19,null_metric,False,polynomial_ridge_interactions,0.29,0.00151145716227424,-0.000406494378469238,False,False
100,19,nonlinear_proxy,False,polynomial_ridge,0.06,-0.00011695072300796187,-0.0011843738118161422,False,False
100,19,nonlinear_proxy,False,polynomial_ridge_interactions,0.08,3.457467742064464e-05,-0.0004050468784539947,False,False
100,19,heteroskedastic_null,False,polynomial_ridge,0.02,7.224344934196603e-05,-0.0021841188648060545,False,False
100,19,heteroskedastic_null,False,polynomial_ridge_interactions,0.01,-0.00013539726678385086,-0.0010728144625116107,False,False
100,19,clustered_null,False,polynomial_ridge,0.99,-0.0031926613764791043,-0.035468795791522255,False,False
100,19,clustered_null,False,polynomial_ridge_interactions,0.66,-0.002760147745555802,-0.028512122434110464,False,False
100,19,genuine_increment,True,polynomial_ridge,0.01,0.041503085689639174,0.024723087837790682,True,True
100,19,genuine_increment,True,polynomial_ridge_interactions,0.01,0.04244859258367914,0.02927905526822335,True,True
200,0,null_metric,False,polynomial_ridge,0.54,-0.00031342977489896146,-0.001601764923029157,False,False
200,0,null_metric,False,polynomial_ridge_interactions,0.78,-0.00036659130291073067,-0.0008009993217136675,False,False
200,0,nonlinear_proxy,False,polynomial_ridge,1.0,-7.654951617950927e-05,-0.0001811416718027531,False,False
200,0,nonlinear_proxy,False,polynomial_ridge_interactions,0.73,0.00023165481925143533,-0.00011808372705195891,False,False
200,0,heteroskedastic_null,False,polynomial_ridge,0.82,-0.001008100966340443,-0.0015235140285811593,False,False
200,0,heteroskedastic_null,False,polynomial_ridge_interactions,0.79,-0.00010843135374269397,-0.000312193533621188,False,False
200,0,clustered_null,False,polynomial_ridge,0.42,-0.00767278067700192,-0.007139230802781108,False,False
200,0,clustered_null,False,polynomial_ridge_interactions,0.92,-0.004194904403756382,-0.009929311240960382,False,False
200,0,genuine_increment,True,polynomial_ridge,0.01,0.037124108805111994,0.03207572418067997,True,True
200,0,genuine_increment,True,polynomial_ridge_interactions,0.01,0.03801202111698918,0.029467466571867607,True,True
200,1,null_metric,False,polynomial_ridge,0.33,-0.00015088628788957614,-0.0018236412610579179,False,False
200,1,null_metric,False,polynomial_ridge_interactions,0.49,-0.001033345880071524,-0.0007176770845223291,False,False
200,1,nonlinear_proxy,False,polynomial_ridge,0.52,7.113053018830296e-05,-0.0004203663433011716,False,False
200,1,nonlinear_proxy,False,polynomial_ridge_interactions,0.9,-8.288746644912956e-06,-0.00022685272830134964,False,False
200,1,heteroskedastic_null,False,polynomial_ridge,0.37,-0.00024384964592257322,-0.000922882578438525,False,False
200,1,heteroskedastic_null,False,polynomial_ridge_interactions,0.57,-0.00013940070333871152,-0.0007401739161112407,False,False
200,1,clustered_null,False,polynomial_ridge,0.14,-0.0009412042826206397,-0.005885644963547987,False,False
200,1,clustered_null,False,polynomial_ridge_interactions,0.14,-0.0006078727991014436,-0.02968728384723617,False,False
200,1,genuine_increment,True,polynomial_ridge,0.01,0.04134266032060445,0.03264290596819268,True,True
200,1,genuine_increment,True,polynomial_ridge_interactions,0.01,0.042109675130022124,0.03378653430372781,True,True
200,2,null_metric,False,polynomial_ridge,0.38,-0.0007719228985257308,-0.0021493360378911103,False,False
200,2,null_metric,False,polynomial_ridge_interactions,0.2,-0.000676056856507054,-0.0007856106434093376,False,False
200,2,nonlinear_proxy,False,polynomial_ridge,0.33,-0.0003569181252929378,-0.0006425641756151293,False,False
200,2,nonlinear_proxy,False,polynomial_ridge_interactions,0.35,-0.0002482827756499859,-0.000502477776709392,False,False
200,2,heteroskedastic_null,False,polynomial_ridge,0.48,-0.0006476759488576872,-0.0006749401260062019,False,False
200,2,heteroskedastic_null,False,polynomial_ridge_interactions,0.52,-0.00014704561321613255,-0.0003520408791358764,False,False
200,2,clustered_null,False,polynomial_ridge,0.49,-0.0013015658275483122,-0.010910882806006217,False,False
200,2,clustered_null,False,polynomial_ridge_interactions,0.62,-0.0023886335082782748,-0.006870670659230354,False,False
200,2,genuine_increment,True,polynomial_ridge,0.01,0.05266029995192704,0.04439016191810991,True,True
200,2,genuine_increment,True,polynomial_ridge_interactions,0.01,0.054443958325015765,0.042395174341181216,True,True
200,3,null_metric,False,polynomial_ridge,0.63,6.304312410875326e-05,-0.0009653311908496557,False,False
200,3,null_metric,False,polynomial_ridge_interactions,0.6,-0.0002946075395848999,-0.0007194230510816257,False,False
200,3,nonlinear_proxy,False,polynomial_ridge,0.65,-0.0002611762107953613,-0.000567086424823471,False,False
200,3,nonlinear_proxy,False,polynomial_ridge_interactions,0.38,-7.222570995566932e-05,-0.00027621224697328277,False,False
200,3,heteroskedastic_null,False,polynomial_ridge,0.15,-0.0003266490582512459,-0.000644263386483527,False,False
200,3,heteroskedastic_null,False,polynomial_ridge_interactions,0.18,-0.0001682282824359265,-0.0004145917913956048,False,False
200,3,clustered_null,False,polynomial_ridge,0.25,-0.0007621646523369718,-0.009750214419296768,False,False
200,3,clustered_null,False,polynomial_ridge_interactions,0.32,-0.002822656001444778,-0.008082477233629707,False,False
200,3,genuine_increment,True,polynomial_ridge,0.01,0.0398855954051307,0.030201877192484947,True,True
200,3,genuine_increment,True,polynomial_ridge_interactions,0.01,0.037810986160724314,0.030142682643722978,True,True
200,4,null_metric,False,polynomial_ridge,0.12,-0.0012530554399527091,-0.0013309074567439908,False,False
200,4,null_metric,False,polynomial_ridge_interactions,0.09,-0.0006524576524281275,-0.0005773149691941854,False,False
200,4,nonlinear_proxy,False,polynomial_ridge,0.49,-0.0004803551454659674,-0.0004615585543696697,False,False
200,4,nonlinear_proxy,False,polynomial_ridge_interactions,0.52,-0.00024127281977661882,-0.0002547358609762813,False,False
200,4,heteroskedastic_null,False,polynomial_ridge,0.76,-0.0006702455537420382,-0.0008302427764368713,False,False
200,4,heteroskedastic_null,False,polynomial_ridge_interactions,0.57,-0.0001016887392745261,-0.0005624650477260814,False,False
200,4,clustered_null,False,polynomial_ridge,0.43,-0.003079940479060208,-0.010467907020536698,False,False
200,4,clustered_null,False,polynomial_ridge_interactions,0.82,-0.0032465198806569985,-0.003861098844818256,False,False
200,4,genuine_increment,True,polynomial_ridge,0.01,0.0398643074057312,0.03275333156569513,True,True
200,4,genuine_increment,True,polynomial_ridge_interactions,0.01,0.04151473457784024,0.032510663712313946,True,True
200,5,null_metric,False,polynomial_ridge,0.44,-0.001439822908190641,-0.0014206252579217113,False,False
200,5,null_metric,False,polynomial_ridge_interactions,0.28,-0.0007696058730728983,-0.0010992747423865894,False,False
200,5,nonlinear_proxy,False,polynomial_ridge,0.28,-0.00019996874726786306,-0.0003506977324426907,False,False
200,5,nonlinear_proxy,False,polynomial_ridge_interactions,0.15,-0.00025873678250607456,-0.0001711003381093497,False,False
200,5,heteroskedastic_null,False,polynomial_ridge,0.57,-0.0005750795819783588,-0.0011361713681115894,False,False
200,5,heteroskedastic_null,False,polynomial_ridge_interactions,0.45,-7.448206819852046e-05,-0.0005350887200253715,False,False
200,5,clustered_null,False,polynomial_ridge,0.06,-0.0005986771774768029,-0.010906127516400516,False,False
200,5,clustered_null,False,polynomial_ridge_interactions,0.31,-0.003737901805210511,-0.004485337256000312,False,False
200,5,genuine_increment,True,polynomial_ridge,0.01,0.04207420104146392,0.036082346441025724,True,True
200,5,genuine_increment,True,polynomial_ridge_interactions,0.01,0.04100483921299003,0.03135856595909848,True,True
200,6,null_metric,False,polynomial_ridge,0.35,-0.0023891677063737522,-0.0028644142360358033,False,False
200,6,null_metric,False,polynomial_ridge_interactions,0.16,-0.00016060576659446615,-0.000735444694596761,False,False
200,6,nonlinear_proxy,False,polynomial_ridge,0.81,-0.0005571113765830572,-0.0005701537037776316,False,False
200,6,nonlinear_proxy,False,polynomial_ridge_interactions,0.42,-0.0001486150448825026,-0.00032460080119143083,False,False
200,6,heteroskedastic_null,False,polynomial_ridge,0.73,-0.0001628781576929481,-0.0006311609818208783,False,False
200,6,heteroskedastic_null,False,polynomial_ridge_interactions,0.7,-3.8036624271911915e-05,-0.0002449759734522277,False,False
200,6,clustered_null,False,polynomial_ridge,0.54,-0.003319280166016677,-0.009709904495064517,False,False
200,6,clustered_null,False,polynomial_ridge_interactions,0.69,-0.006128801383415483,-0.015171882647296969,False,False
200,6,genuine_increment,True,polynomial_ridge,0.01,0.03505495216993642,0.028459818457913368,True,True
200,6,genuine_increment,True,polynomial_ridge_interactions,0.01,0.037175563830842036,0.02459136515424526,True,True
200,7,null_metric,False,polynomial_ridge,0.77,-0.0006319364340906138,-0.0015929214627650702,False,False
200,7,null_metric,False,polynomial_ridge_interactions,0.94,-0.0003619678984919661,-0.0006694987861651858,False,False
200,7,nonlinear_proxy,False,polynomial_ridge,0.51,0.0005728590937013021,-3.613180962316275e-05,False,False
200,7,nonlinear_proxy,False,polynomial_ridge_interactions,0.97,9.365646718986764e-05,-0.0002723595396228429,False,False
200,7,heteroskedastic_null,False,polynomial_ridge,0.63,-4.107311588557282e-05,-0.0007803098679754828,False,False
200,7,heteroskedastic_null,False,polynomial_ridge_interactions,0.43,-0.00013761937832211697,-0.0002782128839048026,False,False
200,7,clustered_null,False,polynomial_ridge,0.79,-0.0011327465274712234,-0.005335869675777965,False,False
200,7,clustered_null,False,polynomial_ridge_interactions,0.83,0.0003446834602907397,-0.0024421258789285513,False,False
200,7,genuine_increment,True,polynomial_ridge,0.01,0.04065722635313036,0.031060428874553903,True,True
200,7,genuine_increment,True,polynomial_ridge_interactions,0.01,0.04238708231843821,0.0332985465147505,True,True
200,8,null_metric,False,polynomial_ridge,0.75,-0.0008605732981503307,-0.0011365080624483822,False,False
200,8,null_metric,False,polynomial_ridge_interactions,0.86,-0.0002450025752106823,-0.0008508039386804497,False,False
200,8,nonlinear_proxy,False,polynomial_ridge,0.37,-1.2355840357605903e-05,-0.00021368787546244272,False,False
200,8,nonlinear_proxy,False,polynomial_ridge_interactions,0.46,-0.00025898742570100355,-0.0001618391312383014,False,False
200,8,heteroskedastic_null,False,polynomial_ridge,0.94,-0.00017693812683652367,-0.0006370246283675138,False,False
200,8,heteroskedastic_null,False,polynomial_ridge_interactions,0.29,2.7486790493902284e-05,-0.00021065935648982022,False,False
200,8,clustered_null,False,polynomial_ridge,0.42,-0.004356833935695303,-0.00954785406549318,False,False
200,8,clustered_null,False,polynomial_ridge_interactions,0.57,-0.0020657540243944304,-0.010961873173896393,False,False
200,8,genuine_increment,True,polynomial_ridge,0.01,0.03911589959773508,0.03098832600937615,True,True
200,8,genuine_increment,True,polynomial_ridge_interactions,0.01,0.03801505082863438,0.03147315198445334,True,True
200,9,null_metric,False,polynomial_ridge,0.73,-0.00027874117932756917,-0.001142793841281201,False,False
200,9,null_metric,False,polynomial_ridge_interactions,0.72,-0.00021265924266882646,-0.0003693789476550629,False,False
200,9,nonlinear_proxy,False,polynomial_ridge,0.16,-0.00011318085940989486,-0.00043494437618140443,False,False
200,9,nonlinear_proxy,False,polynomial_ridge_interactions,0.49,-2.3532439098566255e-05,-0.0003128469249308017,False,False
200,9,heteroskedastic_null,False,polynomial_ridge,0.7,-0.0005618472834556971,-0.0008271983039982674,False,False
200,9,heteroskedastic_null,False,polynomial_ridge_interactions,0.64,-4.253519354072838e-05,-0.00043031519471313317,False,False
200,9,clustered_null,False,polynomial_ridge,0.65,0.0006351827698202507,-0.005629987268354737,False,False
200,9,clustered_null,False,polynomial_ridge_interactions,0.96,-0.0008987075855119153,-0.004261724927427781,False,False
200,9,genuine_increment,True,polynomial_ridge,0.01,0.051670472863491045,0.03710297719549567,True,True
200,9,genuine_increment,True,polynomial_ridge_interactions,0.01,0.05265434245044973,0.04101391907397896,True,True
200,10,null_metric,False,polynomial_ridge,0.66,-0.00031164898507730215,-0.0011571693768076226,False,False
200,10,null_metric,False,polynomial_ridge_interactions,0.92,-0.000161750976927829,-0.0008810745215788168,False,False
200,10,nonlinear_proxy,False,polynomial_ridge,0.37,2.016227567614836e-05,-0.00042027130170789077,False,False
200,10,nonlinear_proxy,False,polynomial_ridge_interactions,0.63,-3.471933888860284e-05,-0.00016825966465243346,False,False
200,10,heteroskedastic_null,False,polynomial_ridge,0.94,-0.00033276678519612163,-0.000624718038009187,False,False
200,10,heteroskedastic_null,False,polynomial_ridge_interactions,0.69,3.0910941033038264e-05,-0.0003859183135955714,False,False
200,10,clustered_null,False,polynomial_ridge,0.05,0.0008544750746781928,-0.0002663291633755809,False,False
200,10,clustered_null,False,polynomial_ridge_interactions,0.02,0.0009382710231432001,-0.0034033864655029005,False,False
200,10,genuine_increment,True,polynomial_ridge,0.01,0.032460280183826934,0.024997418806610286,True,True
200,10,genuine_increment,True,polynomial_ridge_interactions,0.01,0.03154292088783469,0.024936712014738033,True,True
200,11,null_metric,False,polynomial_ridge,0.45,-0.0007030920675808391,-0.001763004662883688,False,False
200,11,null_metric,False,polynomial_ridge_interactions,0.56,-0.0007531648300563819,-0.000950164103815993,False,False
200,11,nonlinear_proxy,False,polynomial_ridge,0.79,-0.0005826993282292275,-0.00042192235731155624,False,False
200,11,nonlinear_proxy,False,polynomial_ridge_interactions,0.66,0.00018515458134603455,-0.00010070480081733457,False,False
200,11,heteroskedastic_null,False,polynomial_ridge,0.05,-0.0005009005579478237,-0.001037563862922605,False,False
200,11,heteroskedastic_null,False,polynomial_ridge_interactions,0.12,-1.3395777570214193e-05,-0.0002764295937058597,False,False
200,11,clustered_null,False,polynomial_ridge,0.99,0.00018066656587688995,-0.00707868825907657,False,False
200,11,clustered_null,False,polynomial_ridge_interactions,0.71,-0.00025293306676562113,-0.007025858423167294,False,False
200,11,genuine_increment,True,polynomial_ridge,0.01,0.047244876803499466,0.039531556368775554,True,True
200,11,genuine_increment,True,polynomial_ridge_interactions,0.01,0.04470525180036748,0.0373223519204403,True,True
200,12,null_metric,False,polynomial_ridge,0.37,-0.0014849841294010506,-0.0018345779021703532,False,False
200,12,null_metric,False,polynomial_ridge_interactions,0.36,-0.00015180317963923995,-0.000609358153992769,False,False
200,12,nonlinear_proxy,False,polynomial_ridge,0.37,3.3606860750180594e-05,-0.00033494202039082024,False,False
200,12,nonlinear_proxy,False,polynomial_ridge_interactions,0.46,7.139947494231701e-05,-0.0005403396564346952,False,False
200,12,heteroskedastic_null,False,polynomial_ridge,0.87,-0.00016894080562458464,-0.0005746445947574009,False,False
200,12,heteroskedastic_null,False,polynomial_ridge_interactions,0.62,-8.404116170756832e-05,-0.00024359496703149486,False,False
200,12,clustered_null,False,polynomial_ridge,0.21,-0.00010495875765545448,-0.0062156943864317095,False,False
200,12,clustered_null,False,polynomial_ridge_interactions,0.01,0.000309227627032763,-0.0010833456103806066,False,False
200,12,genuine_increment,True,polynomial_ridge,0.01,0.04166988907547886,0.03407088214037071,True,True
200,12,genuine_increment,True,polynomial_ridge_interactions,0.01,0.04116418061218321,0.030287584961800767,True,True
200,13,null_metric,False,polynomial_ridge,0.81,-0.0012037405792677952,-0.0023310448589814233,False,False
200,13,null_metric,False,polynomial_ridge_interactions,0.8,-0.0008538150862604788,-0.0007512844002481817,False,False
200,13,nonlinear_proxy,False,polynomial_ridge,0.07,-7.322839068653244e-05,-0.00024843578182757715,False,False
200,13,nonlinear_proxy,False,polynomial_ridge_interactions,0.06,-7.160474726395413e-05,-0.0001226825426811216,False,False
200,13,heteroskedastic_null,False,polynomial_ridge,0.18,-0.0006052736397452168,-0.0008563468478206767,False,False
200,13,heteroskedastic_null,False,polynomial_ridge_interactions,0.42,-0.0001597822617926542,-0.0004402956402714027,False,False
200,13,clustered_null,False,polynomial_ridge,0.1,-0.0019187839860554494,-0.00672629587651689,False,False
200,13,clustered_null,False,polynomial_ridge_interactions,0.01,0.0022830874012387363,-0.002511124384361098,False,False
200,13,genuine_increment,True,polynomial_ridge,0.01,0.03770401787461036,0.029991703838258443,True,True
200,13,genuine_increment,True,polynomial_ridge_interactions,0.01,0.03574437275479352,0.027931407341678666,True,True
200,14,null_metric,False,polynomial_ridge,0.84,-0.0010508583028780126,-0.0015150361020202598,False,False
200,14,null_metric,False,polynomial_ridge_interactions,0.64,5.7681402273052074e-05,-0.0002941860180207891,False,False
200,14,nonlinear_proxy,False,polynomial_ridge,0.74,2.7101451329221253e-05,-0.00011545540093755496,False,False
200,14,nonlinear_proxy,False,polynomial_ridge_interactions,0.56,0.00012193678545738794,-0.00020777579764781878,False,False
200,14,heteroskedastic_null,False,polynomial_ridge,0.08,0.0009169479592666136,-0.00044164974479304566,False,False
200,14,heteroskedastic_null,False,polynomial_ridge_interactions,0.15,-4.4337056047883544e-05,-0.00046213366347577995,False,False
200,14,clustered_null,False,polynomial_ridge,0.08,-0.0003233825184988867,-0.01809209045674595,False,False
200,14,clustered_null,False,polynomial_ridge_interactions,0.17,-0.0011253618804077936,-0.004195556100794631,False,False
200,14,genuine_increment,True,polynomial_ridge,0.01,0.04811817784411114,0.038045585978777864,True,True
200,14,genuine_increment,True,polynomial_ridge_interactions,0.01,0.04764415869149633,0.03467951714570811,True,True
200,15,null_metric,False,polynomial_ridge,0.14,-0.0008160915663922019,-0.0013831235678042472,False,False
200,15,null_metric,False,polynomial_ridge_interactions,0.23,-0.000408939965069504,-0.0008971025875001469,False,False
200,15,nonlinear_proxy,False,polynomial_ridge,0.65,-0.0001024223800551987,-0.00037548315472079734,False,False
200,15,nonlinear_proxy,False,polynomial_ridge_interactions,0.62,-0.00018504096186938625,-0.00016980408801452814,False,False
200,15,heteroskedastic_null,False,polynomial_ridge,0.12,-0.0004590295860160635,-0.0005377594958742317,False,False
200,15,heteroskedastic_null,False,polynomial_ridge_interactions,0.19,-0.0001564194017686692,-0.00031649638457667204,False,False
200,15,clustered_null,False,polynomial_ridge,0.44,-0.002077953108964241,-0.010013212726328706,False,False
200,15,clustered_null,False,polynomial_ridge_interactions,0.74,-0.0010791496524880859,-0.011937714110714821,False,False
200,15,genuine_increment,True,polynomial_ridge,0.01,0.03562374702353068,0.027599919328053037,True,True
200,15,genuine_increment,True,polynomial_ridge_interactions,0.01,0.03767227560454822,0.026891509072434535,True,True
200,16,null_metric,False,polynomial_ridge,0.6,-0.00048578315488779014,-0.0007460069362534375,False,False
200,16,null_metric,False,polynomial_ridge_interactions,0.83,-0.0004559789857466398,-0.000991444518899464,False,False
200,16,nonlinear_proxy,False,polynomial_ridge,0.32,-0.00029648174432970846,-0.0005019288999271226,False,False
200,16,nonlinear_proxy,False,polynomial_ridge_interactions,0.87,-6.166973774407968e-05,-0.00023222087879096317,False,False
200,16,heteroskedastic_null,False,polynomial_ridge,0.12,-0.0006368925926666866,-0.0005719256570516176,False,False
200,16,heteroskedastic_null,False,polynomial_ridge_interactions,0.64,-9.583353461004463e-05,-0.0002759007120270391,False,False
200,16,clustered_null,False,polynomial_ridge,0.08,-0.00427632729582917,-0.00762133693809648,False,False
200,16,clustered_null,False,polynomial_ridge_interactions,0.08,-0.0012825253403874054,-0.010909028763266798,False,False
200,16,genuine_increment,True,polynomial_ridge,0.01,0.04447541441701154,0.037060139003231664,True,True
200,16,genuine_increment,True,polynomial_ridge_interactions,0.01,0.04538730715409768,0.03356166953933547,True,True
200,17,null_metric,False,polynomial_ridge,0.07,-4.9333329936149944e-05,-0.0008881498573964272,False,False
200,17,null_metric,False,polynomial_ridge_interactions,0.12,0.0005585596137979258,-0.000321528765349326,False,False
200,17,nonlinear_proxy,False,polynomial_ridge,0.14,-0.0001297466114206433,-0.00021144300218128514,False,False
200,17,nonlinear_proxy,False,polynomial_ridge_interactions,0.04,0.00018020150499344512,-0.0002567087933900776,False,False
200,17,heteroskedastic_null,False,polynomial_ridge,0.01,-0.0008517403836126054,-0.0006585345547773654,False,False
200,17,heteroskedastic_null,False,polynomial_ridge_interactions,0.01,-0.00022310506532470173,-0.0005618991473734891,False,False
200,17,clustered_null,False,polynomial_ridge,0.17,-0.007379238294736065,-0.013583064930918322,False,False
200,17,clustered_null,False,polynomial_ridge_interactions,0.14,-0.0006849184499818639,-0.00898183089730619,False,False
200,17,genuine_increment,True,polynomial_ridge,0.01,0.04104597605246131,0.032729241442507044,True,True
200,17,genuine_increment,True,polynomial_ridge_interactions,0.01,0.04097352049534122,0.03532978099756999,True,True
200,18,null_metric,False,polynomial_ridge,0.95,-0.0007714512673364822,-0.002118305789667401,False,False
200,18,null_metric,False,polynomial_ridge_interactions,0.71,-9.129691044534177e-06,-0.0005924478105055103,False,False
200,18,nonlinear_proxy,False,polynomial_ridge,0.7,-1.645923530752859e-05,-0.00020495073397833625,False,False
200,18,nonlinear_proxy,False,polynomial_ridge_interactions,0.75,-7.426938934384803e-05,-0.00020354246586048183,False,False
200,18,heteroskedastic_null,False,polynomial_ridge,0.14,-0.0002356285473146414,-0.0007456307035108385,False,False
200,18,heteroskedastic_null,False,polynomial_ridge_interactions,0.24,6.370992087143847e-05,-0.00025646379595131415,False,False
200,18,clustered_null,False,polynomial_ridge,0.98,-0.006276503632942656,-0.011061414923071387,False,False
200,18,clustered_null,False,polynomial_ridge_interactions,0.67,-0.0017434043493380347,-0.0069317114475505445,False,False
200,18,genuine_increment,True,polynomial_ridge,0.01,0.05150722728902818,0.042994246806894426,True,True
200,18,genuine_increment,True,polynomial_ridge_interactions,0.01,0.04986761109910325,0.0378434357723583,True,True
200,19,null_metric,False,polynomial_ridge,0.2,-0.0015884164296680048,-0.0018085691474151564,False,False
200,19,null_metric,False,polynomial_ridge_interactions,0.21,-8.170578194066636e-05,-0.0008941318253840771,False,False
200,19,nonlinear_proxy,False,polynomial_ridge,0.13,-0.0008469461241001897,-0.00147188397345433,False,False
200,19,nonlinear_proxy,False,polynomial_ridge_interactions,0.08,-6.886045469212815e-05,-0.00038126618373737856,False,False
200,19,heteroskedastic_null,False,polynomial_ridge,0.15,-2.0808979906824718e-05,-0.00038666038668088473,False,False
200,19,heteroskedastic_null,False,polynomial_ridge_interactions,0.14,-5.289077901311258e-05,-0.00022056526758211783,False,False
200,19,clustered_null,False,polynomial_ridge,0.41,-0.0020493407306985297,-0.006000343131701962,False,False
200,19,clustered_null,False,polynomial_ridge_interactions,0.51,-0.0007441146626832873,-0.01690312077770707,False,False
200,19,genuine_increment,True,polynomial_ridge,0.01,0.041888989678431854,0.03266277253274776,True,True
200,19,genuine_increment,True,polynomial_ridge_interactions,0.01,0.043701951619934655,0.030656479384946513,True,True
